<?xml version="1.0" encoding="UTF-8"?><!--s1.dtd v4.9--><!DOCTYPE article_set SYSTEM "s1.dtd">
<article_set dtd_version="4.9"><article export_date="2012-08-29 00:00:00.0" lang="EN" ms_no="ELL-2012-1841" rev="0"><journal><publisher_name>Electronics Letters</publisher_name><full_journal_title>Electronics Letters</full_journal_title><journal_abbreviation>ELL</journal_abbreviation><pubmed_abbreviation/><issn issn_type="print">0013-5194</issn><issn issn_type="digital">1350-911X</issn><issue_assignment current_issue="true"><volume volume_page_actual="0" volume_page_budget="0">48</volume><issue bw_image_count_issue="0" color_image_count_issue="0" issue_page_actual="0.0" issue_page_budget="0" issue_seq="11">19</issue><issue_description/><issue_date><year/><month/><day/><hour/><minute/><second/><time_zone/></issue_date><line_up_number>36</line_up_number><published_date><year>2012</year><month>09</month><day>13</day><hour>00</hour><minute>00</minute><second>00</second><time_zone>(GMT-05:00) Eastern Time (US &amp; Canada)</time_zone></published_date><publish_before_print_date><year/><month/><day/><hour/><minute/><second/><time_zone/></publish_before_print_date><print_scheduled_date><year/><month/><day/><hour/><minute/><second/><time_zone/></print_scheduled_date><issue_journal_name/><issue_start_page>0</issue_start_page><issue_journal_id/><issue_journal_issn/><issue_journal_isbn/><issue_journal_eisbn/><issue_end_page/><issue_print_run/></issue_assignment></journal><replaces/><article_status decision_status="accept">Accepted</article_status><article_title>Gradient directional pattern: a robust feature descriptor for facial expression recognition</article_title><article_sub_title/><vernacular_title/><author_list><author auth_URL="" author_seq="1" corr="true" user_id="27795222"><salutation>Mr.</salutation><first_name>Faisal</first_name><middle_name/><last_name>Ahmed</last_name><suffix/><degree/><email addr_type="primary">fahmed@iut-dhaka.edu</email><attr_type id="8750" name="Data Protection"><attribute id="11145011" name="No">selected</attribute></attr_type><attr_type id="1008" name="Keywords"><attribute id="266203" name="COMPUTER VISION">selected</attribute><attribute id="265815" name="IMAGE PROCESSING">selected</attribute></attr_type><comments/><affiliation seq="1"><inst/><dept/><person_title>Lecturer</person_title><room/><addr1>Islamic University of Technology</addr1><addr2/><addr3>Islamic University of Technology</addr3><city>Gazipur</city><province/><country country_code="BD">Bangladesh</country><post_code>1704</post_code><phone/><fax/></affiliation><profile_affiliation><inst/><dept/><person_title>Lecturer</person_title><room/><addr1>Islamic University of Technology</addr1><addr2/><addr3>Islamic University of Technology</addr3><city>Gazipur</city><province/><country country_code="BD">Bangladesh</country><post_code>1704</post_code><phone/><fax/></profile_affiliation><current_profile_affiliation><inst>Islamic University of Technology</inst><dept>Department of Computer Science and Engineering</dept><person_title>Lecturer</person_title><room/><addr1>Department of CSE,</addr1><addr2>Islamic University of Technology,</addr2><addr3>Board Bazar, Gazipur 1704, Bangladesh</addr3><city>Gazipur</city><province/><country country_code="BD">Bangladesh</country><post_code>1704</post_code><phone>+880 2 9291254~9 Ext. 3340</phone><fax/></current_profile_affiliation><galleyDeliveryType/></author></author_list><author_comments/><editor_list><editor decided="true" is_staff="true" role="Scientific Editor" user_id="17040575"><salutation>Dr.</salutation><first_name>James</first_name><middle_name/><last_name>Baldwin</last_name><suffix/><degree/><email addr_type="primary">jbaldwin@theiet.org</email><attr_type id="8750" name="Data Protection"><attribute id="11145010" name="Yes">selected</attribute></attr_type><comments/><affiliation seq="1"><inst>The IET</inst><dept/><person_title>Scientific Editor</person_title><room/><addr1>Michael Faraday House</addr1><addr2>Six Hills Way</addr2><addr3/><city>Stevenage</city><province/><country country_code="GB">United Kingdom</country><post_code>SG1 2AY</post_code><phone/><fax/></affiliation><current_profile_affiliation><inst>The IET</inst><dept/><person_title>Scientific Editor</person_title><room/><addr1>Michael Faraday House</addr1><addr2>Six Hills Way</addr2><addr3/><city>Stevenage</city><province/><country country_code="GB">United Kingdom</country><post_code>SG1 2AY</post_code><phone/><fax/></current_profile_affiliation><galleyDeliveryType/></editor><editor decided="false" is_staff="true" role="Copy-editor" user_id="23071511"><salutation>Mr.</salutation><first_name>John</first_name><middle_name/><last_name>Cox</last_name><suffix/><degree/><email addr_type="primary">jcox.editproof@ntlworld.com</email><attr_type id="8750" name="Data Protection"><attribute id="11145011" name="No">selected</attribute></attr_type><comments/><affiliation seq="1"><inst/><dept/><person_title>John Cox</person_title><room/><addr1>29 Lincoln Road</addr1><addr2/><addr3/><city>Stevenage</city><province/><country country_code="GB">United Kingdom</country><post_code>SG1 4PJ</post_code><phone/><fax/></affiliation><current_profile_affiliation><inst/><dept/><person_title>John Cox</person_title><room/><addr1>29 Lincoln Road</addr1><addr2/><addr3/><city>Stevenage</city><province/><country country_code="GB">United Kingdom</country><post_code>SG1 4PJ</post_code><phone/><fax/></current_profile_affiliation><galleyDeliveryType/></editor><editor decided="false" is_staff="true" role="Typesetter" user_id="23070703"><salutation>Mrs.</salutation><first_name>Pam</first_name><middle_name/><last_name>Tagg</last_name><suffix/><degree/><email addr_type="primary">ptagg@techset.co.uk</email><attr_type id="8750" name="Data Protection"><attribute id="11145011" name="No">selected</attribute></attr_type><comments/><affiliation seq="1"><inst>Techset</inst><dept/><person_title>Account Manager</person_title><room/><addr1>5 Court Farm Yard</addr1><addr2>Lower Woodford</addr2><addr3/><city>Salisbury</city><province/><country country_code="GB">United Kingdom</country><post_code>SP4 6NQ</post_code><phone/><fax/></affiliation><current_profile_affiliation><inst>Techset</inst><dept/><person_title>Account Manager</person_title><room/><addr1>5 Court Farm Yard</addr1><addr2>Lower Woodford</addr2><addr3/><city>Salisbury</city><province/><country country_code="GB">United Kingdom</country><post_code>SP4 6NQ</post_code><phone/><fax/></current_profile_affiliation><galleyDeliveryType/></editor></editor_list><reviewer_list><reviewer invite_history="51" role="Reviewer" user_id="305319"><salutation>Dr.</salutation><first_name>Beng Jin</first_name><middle_name/><last_name>Andrew Teoh</last_name><suffix/><degree/><email addr_type="primary">andrew_tbj@yahoo.com</email><email addr_type="secondary">bjteoh@mmu.edu.my</email><attr_type id="1008" name="Keywords"><attribute id="267040" name="CRYPTOGRAPHY">selected</attribute><attribute id="267596" name="DATA ACQUISITION">selected</attribute><attribute id="266840" name="DIGITAL WATERMARKING">selected</attribute><attribute id="266466" name="FACE RECOGNITION">selected</attribute><attribute id="267918" name="FINGERPRINT IDENTIFICATION">selected</attribute><attribute id="267321" name="HANDWRITING RECOGNITION">selected</attribute><attribute id="265861" name="IDENTIFICATION">selected</attribute><attribute id="266804" name="PUBLIC KEY CRYPTOGRAPHY">selected</attribute><attribute id="266828" name="SENSORS">selected</attribute><attribute id="267343" name="SMART CARDS">selected</attribute><attribute id="267250" name="SPEAKER RECOGNITION">selected</attribute></attr_type><comments>8/6/7 updated profile and made reviewer, Dr. Teoh has wide knowledge of biometric techniques.  See http://mmusearch.mmu.edu.my/websearch.php&#13;
added keywords according to source.&#13;
8/6/7 2007-ell-1364 rev due to paper in IEEExplore on Biometric hash; 08/05/2009: ELL-2009-1205.R1: This paper is out of my area of research, I am sorry that I am not in the position to review this paper.&#13;
18/09/2009: ELL-2009-2066.R2: This paper is out of my research interest, thanks; 11/08/09: ELL-2009-1793.R4: Declined, out of field; 31/01/2011 ELL-2010-3499.R1 Declined - no time.</comments><affiliation seq="1"><inst>Multimedia University</inst><dept>Faculty of Information Science and Technology</dept><person_title/><room/><addr1>Jalan Ayer Keroh Lama</addr1><addr2/><addr3/><city>Melaka</city><state>Melaka</state><country country_code="MY">Malaysia</country><post_code>75450 Melaka</post_code><phone>+606-252 3090</phone><fax>+606-231 8840</fax></affiliation><current_profile_affiliation><inst>Multimedia University</inst><dept>Faculty of Information Science and Technology</dept><person_title/><room/><addr1>Jalan Ayer Keroh Lama</addr1><addr2/><addr3/><city>Melaka</city><state>Melaka</state><country country_code="MY">Malaysia</country><post_code>75450 Melaka</post_code><phone>+606-252 3090</phone><fax>+606-231 8840</fax></current_profile_affiliation><galleyDeliveryType>Web</galleyDeliveryType><response response_history="40" response_name="Agreed" response_type="Agreed">1</response><response response_history="0" response_name="Declined" response_type="Declined">0</response><response response_history="4" response_name="Declined - No Time" response_type="Unavailable">0</response><response response_history="6" response_name="Declined - Out of Field" response_type="Out of Field">0</response><response response_history="0" response_name="No Response" response_type="None">0</response><response response_history="0" response_name="Reassigned" response_type="None">0</response><response response_history="0" response_name="Unavailable" response_type="Unavailable">0</response><rating/></reviewer><reviewer invite_history="33" role="Reviewer" user_id="188426"><salutation>Prof.</salutation><first_name>K.</first_name><middle_name/><last_name>Rao</last_name><suffix/><degree/><email addr_type="primary">rao@uta.edu</email><attr_type id="1008" name="Keywords"><attribute id="265925" name="DIGITAL SIGNAL PROCESSING">selected</attribute><attribute id="266466" name="FACE RECOGNITION">selected</attribute><attribute id="266517" name="FAST FOURIER TRANSFORMS">selected</attribute><attribute id="266433" name="FEATURE EXTRACTION">selected</attribute><attribute id="266133" name="IMAGE CODING">selected</attribute><attribute id="266470" name="IMAGE SEGMENTATION">selected</attribute><attribute id="266471" name="IMAGE TEXTURE">selected</attribute><attribute id="265866" name="MATRIX ALGEBRA">selected</attribute><attribute id="265871" name="SIGNAL PROCESSING">selected</attribute><attribute id="266437" name="TRANSFORMS">selected</attribute></attr_type><comments>Lapped transforms  Texture/segmentation for database retrieval ex Nat Uni Singapore; 20/02/07: ELL-2006-3801&#13;
07/06/05: ELL-2005-0698.r2&#13;
24/01/05: ELL-2004-7386.r1&#13;
21/09/04: ELL-2004-6777&#13;
 16/06/04: ELL-2004-5143.r1; 16/7/04 ELL-2004-5143 r1 this referee got totally confused with the password processalthough he changed his password he then said reject, we think this means he does not want to review the paper. &#13;
8/10/04 ELL-2004-6777 sorry cannot do; 02/11/05 ELL-2005-3352 Sorry unable to review at this time due to various deadlines&#13;
20/12/05 ELL-2005-3740 I will b eout of town til 16 Jan. Sorry; 28/02/06: ELL-20060070.R1; 21/02/07: ELL-2007-3801. Dr Oraintara agreed to review this. oraintar@uta.edu.&#13;
08/08/06: ELL-2006-2087. Sorry this is not my area.&#13;
14/06/06: ELL_2006-1746. Doctoral student Yodchanan has agreed to review this manuscript. Pl send username and password to him. Thanks.&#13;
01/03/06: ELL-2006-0070. Not in my area. Thanks.; 12/06/06: ELL-2006-1746&#13;
07/08/06: ELL-2006-2087; 26/06/07: ELL-2007-1411; 26/06/07: ELL-2007-1411: Sorry. not my   area; 08/11/2010 ELL-2010-3075.R1 Declined - out of field.&#13;
28/01/2011 ELL-2011-0214 Declined.; 7/12/10 ELL-2010-3313: Declined.</comments><affiliation seq="1"><inst>University of Texas at Arlington</inst><dept>Department of Electrical Engineering</dept><person_title/><room/><addr1>P O Box 19016</addr1><addr2/><addr3/><city>Arlington</city><state>Texas</state><country country_code="US">United States</country><post_code>76019-0016</post_code><phone>00 1 817 272 3478</phone><fax>00 1 817 272 2253</fax></affiliation><current_profile_affiliation><inst>University of Texas at Arlington</inst><dept>Department of Electrical Engineering</dept><person_title/><room/><addr1>P O Box 19016</addr1><addr2/><addr3/><city>Arlington</city><state>Texas</state><country country_code="US">United States</country><post_code>76019-0016</post_code><phone>00 1 817 272 3478</phone><fax>00 1 817 272 2253</fax></current_profile_affiliation><galleyDeliveryType>Web</galleyDeliveryType><response response_history="4" response_name="Agreed" response_type="Agreed">0</response><response response_history="3" response_name="Declined" response_type="Declined">0</response><response response_history="5" response_name="Declined - No Time" response_type="Unavailable">0</response><response response_history="17" response_name="Declined - Out of Field" response_type="Out of Field">1</response><response response_history="0" response_name="No Response" response_type="None">0</response><response response_history="1" response_name="Reassigned" response_type="None">0</response><response response_history="0" response_name="Unavailable" response_type="Unavailable">0</response><rating/></reviewer><reviewer invite_history="2" role="Reviewer" user_id="195368"><salutation>Prof.</salutation><first_name>L.</first_name><middle_name>L J M</middle_name><last_name>Rothkrantz</last_name><suffix/><degree/><email addr_type="primary">L.J.M. Rothkrantz@cs.tudelft.nl</email><attr_type id="1008" name="Keywords"><attribute id="266466" name="FACE RECOGNITION">selected</attribute></attr_type><comments> 9/06/04: ELL-2004-5325</comments><affiliation seq="1"><inst>TU Delft</inst><dept>Dept of Information Technolog</dept><person_title/><room/><addr1/><addr2>Mekelweg 4</addr2><addr3/><city>2628 CD Delft</city><province/><country country_code="NL">Netherlands</country><post_code/><phone/><fax/></affiliation><current_profile_affiliation><inst>TU Delft</inst><dept>Dept of Information Technolog</dept><person_title/><room/><addr1/><addr2>Mekelweg 4</addr2><addr3/><city>2628 CD Delft</city><province/><country country_code="NL">Netherlands</country><post_code/><phone/><fax/></current_profile_affiliation><galleyDeliveryType>Web</galleyDeliveryType><response response_history="1" response_name="Agreed" response_type="Agreed">1</response><response response_history="0" response_name="Declined" response_type="Declined">0</response><response response_history="0" response_name="Declined - No Time" response_type="Unavailable">0</response><response response_history="0" response_name="Declined - Out of Field" response_type="Out of Field">0</response><response response_history="0" response_name="No Response" response_type="None">0</response><response response_history="0" response_name="Reassigned" response_type="None">0</response><response response_history="0" response_name="Unavailable" response_type="Unavailable">0</response><rating/></reviewer></reviewer_list><publication_type>Letter</publication_type><article_id_list><article_id id_type="pii">ELL</article_id></article_id_list><file_list><file file_category="" file_name="ELL-2012-1841-File001.pdf" submission_medium="online"><file_designation>Main Document</file_designation><file_format>pdf</file_format><file_extension>pdf</file_extension><file_originalname>Manuscript.pdf</file_originalname><file_caption/><file_tag/><attribute attr_name="File Designation">Main Document</attribute><num_pages_calc>0.00</num_pages_calc><num_pages_actual>0.00</num_pages_actual></file><file file_category="" file_name="ELL-2012-1841-File002.tex" submission_medium="online"><file_designation>Main Document</file_designation><file_format>tex</file_format><file_extension>tex</file_extension><file_originalname>sample.tex</file_originalname><file_caption/><file_tag/><attribute attr_name="File Designation">Main Document</attribute><num_pages_calc>0.00</num_pages_calc><num_pages_actual>0.00</num_pages_actual></file><file file_category="" file_name="ELL-2012-1841-File003.sty" submission_medium="online"><file_designation>Main Document</file_designation><file_format>sty</file_format><file_extension>sty</file_extension><file_originalname>multirow.sty</file_originalname><file_caption/><file_tag/><attribute attr_name="File Designation">Main Document</attribute><num_pages_calc>0.00</num_pages_calc><num_pages_actual>0.00</num_pages_actual></file><file file_category="" file_name="ELL-2012-1841-File004.eps" submission_medium="online"><file_designation>Image</file_designation><file_format>eps</file_format><file_extension>eps</file_extension><file_originalname>Sobel1.eps</file_originalname><file_caption>Sobel kernel 1</file_caption><file_tag>Fig. 1</file_tag><attribute attr_name="File Designation">Image</attribute><num_pages_calc>0.00</num_pages_calc><num_pages_actual>0.00</num_pages_actual></file><file file_category="" file_name="ELL-2012-1841-File005.eps" submission_medium="online"><file_designation>Image</file_designation><file_format>eps</file_format><file_extension>eps</file_extension><file_originalname>Sobel2.eps</file_originalname><file_caption>Sobel kernel 2</file_caption><file_tag>Fig. 1</file_tag><attribute attr_name="File Designation">Image</attribute><num_pages_calc>0.00</num_pages_calc><num_pages_actual>0.00</num_pages_actual></file><file file_category="" file_name="ELL-2012-1841-File006.eps" submission_medium="online"><file_designation>Image</file_designation><file_format>eps</file_format><file_extension>eps</file_extension><file_originalname>FV.eps</file_originalname><file_caption>Feature vector generation</file_caption><file_tag>Fig. 3</file_tag><attribute attr_name="File Designation">Image</attribute><num_pages_calc>0.00</num_pages_calc><num_pages_actual>0.00</num_pages_actual></file><file file_category="" file_name="ELL-2012-1841-File007.eps" submission_medium="online"><file_designation>Image</file_designation><file_format>eps</file_format><file_extension>eps</file_extension><file_originalname>GDP.eps</file_originalname><file_caption>GDP encoding process</file_caption><file_tag>Fig. 2</file_tag><attribute attr_name="File Designation">Image</attribute><num_pages_calc>0.00</num_pages_calc><num_pages_actual>0.00</num_pages_actual></file><file file_category="" file_name="ELL-2012-1841-File008.pdf" submission_medium="online"><file_designation>Corrected Manuscript</file_designation><file_format>pdf</file_format><file_extension>pdf</file_extension><file_originalname>2012.1841_001.pdf</file_originalname><file_caption/><file_tag/><attribute attr_name="File Designation">Corrected Manuscript</attribute><num_pages_calc>0.00</num_pages_calc><num_pages_actual>0.00</num_pages_actual></file></file_list><history><ms_id ms_no="ELL-2012-1841"><rev_id>0</rev_id><submitted_date><year>2012</year><month>05</month><day>25</day><hour>18</hour><minute>28</minute><second>49</second><time_zone>(GMT-05:00) Eastern Time (US &amp; Canada)</time_zone></submitted_date><received_date><year>2012</year><month>05</month><day>25</day><hour>18</hour><minute>28</minute><second>49</second><time_zone>(GMT-05:00) Eastern Time (US &amp; Canada)</time_zone></received_date><revised_date><year/><month/><day/><hour/><minute/><second/><time_zone/></revised_date><decision_date><year>2012</year><month>08</month><day>28</day><hour>05</hour><minute>28</minute><second>10</second><time_zone>(GMT-05:00) Eastern Time (US &amp; Canada)</time_zone></decision_date><approval_date><year/><month/><day/><hour/><minute/><second/><time_zone/></approval_date><author_returned_date><year/><month/><day/><hour/><minute/><second/><time_zone/></author_returned_date><most_recent_decision_date><year/><month/><day/><hour/><minute/><second/><time_zone/></most_recent_decision_date><transmission_date><year>2012</year><month>05</month><day>25</day><hour>18</hour><minute>28</minute><second>49</second><time_zone>(GMT-05:00) Eastern Time (US &amp; Canada)</time_zone></transmission_date><web_publish_date><year/><month/><day/><hour/><minute/><second/><time_zone/></web_publish_date><task name="Forward to ME" task_id="37179" type="forward document"><status doc_task_id="91938033" event_date="2012-05-25T06:28:49" s1_staff="false" user_id="196633" user_role="Managing Editor">completed</status><assigned date="2012-05-25T06:28:49" role="Managing Editor" user_id="196633"/></task><task name="Editorial Office Checklist" task_id="5414" type="manuscript checklist"><status doc_task_id="91938034" event_date="2012-05-28T08:56:36" s1_staff="false" user_id="17099266" user_role="Editorial Assistant">completed</status></task><task name="Immediate Decision" task_id="6101" type="decision"><status doc_task_id="91938035" event_date="2012-08-28T05:28:10" s1_staff="false" user_id="0" user_role="Managing Editor">abandoned</status></task><task name="Assign SE" task_id="129656" type="assignment"><status doc_task_id="92010812" event_date="2012-05-28T08:56:46" s1_staff="false" user_id="17099266" user_role="Editorial Assistant">completed</status><assigned date="2012-08-28T07:03:04" role="Editorial Assistant" user_id="20996513"/></task><task name="SE Selects Reviewers" task_id="27857" type="pick2"><status doc_task_id="92010816" event_date="2012-08-24T06:46:04" s1_staff="false" user_id="17040575" user_role="Scientific Editor">completed</status></task><task name="SE Invites Reviewers" task_id="27858" type="invite"><status doc_task_id="92218131" event_date="2012-08-24T06:46:04" s1_staff="false" user_id="17040575" user_role="Scientific Editor">completed</status><invited date="2012-05-31T12:00:00" role="Reviewer" user_id="305319"/><invited date="2012-06-06T12:00:00" role="Reviewer" user_id="188426"/><invited date="2012-08-08T12:00:00" role="Reviewer" user_id="195368"/></task><task name="SE Assigns Reviewers" task_id="5409" type="multiple assignment"><status doc_task_id="92218146" event_date="2012-08-24T06:46:04" s1_staff="false" user_id="17040575" user_role="Scientific Editor">completed</status><assigned date="2012-05-31T08:31:46" role="Reviewer" user_id="305319"/><assigned date="2012-08-09T05:03:41" role="Reviewer" user_id="195368"/></task><task name="Reviewers Report" task_id="5411" type="score"><status doc_task_id="92218193" event_date="2012-05-31T07:54:04" s1_staff="false" user_id="305319" user_role="Reviewer">completed</status><review user_id="305319"><recommendation recommendation_name="Accept" recommendation_type="None"/><review_comments><comment to_name="Supporting comments to the editor:" to_role="Editor">Incremental work.</comment></review_comments><score><custom_fields cd_code="Originality" cd_name="Originality" cd_value="Yes"/><custom_fields cd_code="Novelity" cd_name="Novelity" cd_value="Yes"/><custom_fields cd_code="Rating" cd_name="Rating" cd_value="Of sufficient interest to merit rapid publication (Work providing new information of interest to the community)"/><custom_fields cd_code="Fields of Expertise " cd_name="Fields of Expertise " cd_value="90%"/><custom_fields cd_code="Clearly Communicate" cd_name="Clearly Communicate" cd_value="Yes"/><custom_fields cd_code="References Sufficient" cd_name="References Sufficient" cd_value="No"/></score></review></task><task name="Final Decision" task_id="5413" type="decision"><status doc_task_id="92263279" event_date="2012-08-24T06:46:04" s1_staff="false" user_id="17040575" user_role="Scientific Editor">abandoned</status></task><task name="Reviewers Report" task_id="5411" type="score"><status doc_task_id="96192209" event_date="2012-08-24T06:46:04" s1_staff="false" user_id="195368" user_role="Reviewer">completed</status><review user_id="195368"><recommendation recommendation_name="Accept" recommendation_type="None"/><review_comments><comment to_name="Supporting comments to the editor:" to_role="Editor">This is a concise paper which introduces a new type of operator in the area of image processing. To some extent, the author proves its usefulness for face analysis/facial expression recognition by using a benchmark database and by comparing the results with other two commonly used operators. However, in my opinion a more detailed analysis should be adopted. In this area there is a wide range of operators, still the author use only two of them for comparison, not necessarily the best. The paper contains some new relevant results, yet I think it could easily be written in a more comprehensive manner.</comment></review_comments><score><custom_fields cd_code="Originality" cd_name="Originality" cd_value="No"/><custom_fields cd_code="Novelity" cd_name="Novelity" cd_value="Yes"/><custom_fields cd_code="Rating" cd_name="Rating" cd_value="Not a significant advance (Technically sound work which does not provide a sufficiently significant advance)"/><custom_fields cd_code="Fields of Expertise " cd_name="Fields of Expertise " cd_value="The paper is very close to my field of expertise."/><custom_fields cd_code="Clearly Communicate" cd_name="Clearly Communicate" cd_value="Yes"/><custom_fields cd_code="References Sufficient" cd_name="References Sufficient" cd_value="No"/></score></review></task><task name="Final Decision" task_id="5413" type="decision"><status doc_task_id="97025028" event_date="2012-08-28T05:28:10" s1_staff="false" user_id="17040575" user_role="Scientific Editor">completed</status><decision decision_name="Accept" decision_type="Accept"/></task><task name="Production Checklist" task_id="5437" type="production checklilst"><status doc_task_id="97195100" event_date="2012-08-28T07:03:04" s1_staff="false" user_id="20996513" user_role="Editorial Assistant">completed</status></task><task name="Forms Tracking Task" task_id="311253" type="forms tracking"><status doc_task_id="97195101" event_date="2012-08-28T11:27:22" s1_staff="false" user_id="0" user_role="Editorial Assistant">processing</status></task><task name="Forms Completion Task" task_id="311254" type="forms completion"><status doc_task_id="97195102" event_date="2012-08-28T11:27:22" s1_staff="false" user_id="27795222" user_role="Corresponding Author">completed</status></task><task name="Assign CE" task_id="311255" type="assignment"><status doc_task_id="97202060" event_date="2012-08-28T07:03:15" s1_staff="false" user_id="20996513" user_role="Editorial Assistant">completed</status><assigned date="2012-08-28T07:03:15" role="Copy-editor" user_id="23071511"/></task><task name="Awaiting Copy-editing" task_id="311256" type="production checklilst"><status doc_task_id="97202070" event_date="2012-08-28T07:40:22" s1_staff="false" user_id="23071511" user_role="Copy-editor">completed</status></task><task name="Undergoing Copy-editing" task_id="311257" type="production checklilst"><status doc_task_id="97204503" event_date="2012-08-29T11:12:57" s1_staff="false" user_id="23071511" user_role="Copy-editor">completed</status></task><task name="CE Checklist" task_id="311258" type="production checklilst"><status doc_task_id="97293720" event_date="2012-08-29T11:13:33" s1_staff="false" user_id="20996513" user_role="Editorial Assistant">completed</status></task><task name="Forward to TS" task_id="311259" type="forward document"><status doc_task_id="97293753" event_date="2012-08-29T11:13:34" s1_staff="false" user_id="23070703" user_role="Typesetter">completed</status><assigned date="2012-08-29T11:13:34" role="Typesetter" user_id="23070703"/></task><task name="Assign to Batch - TS" task_id="311260" type="assign to batch"><status doc_task_id="97293754" event_date="2012-08-29T11:13:34" s1_staff="false" user_id="0" user_role="Editorial Assistant">processing</status></task></ms_id></history><fulltext_url/><abstract>This paper presents a novel local texture pattern, the gradient directional pattern (GDP), and an effective feature descriptor constructed with the GDP codes for facial expression recognition. The GDP operator encodes the texture information of a local region by quantizing the gradient directional angles to form a binary pattern. The location and occurrence information of the GDP micro-patterns is then used as the facial feature descriptor. As gradient operator can effectively enhance the edge information of an image, the resultant GDP features retain more information than gray-level based methods and describe the local image primitives in a more stable manner. Experiments with prototypic expression images from the Cohn-Kanade database shows superiority of the GDP descriptor against some well-known appearance-based methods.</abstract><configurable_data_fields><custom_fields cd_code="Number of Figs" cd_name="Number of Figs" cd_value="3"/><custom_fields cd_code="Number of Tables" cd_name="Number of Tables" cd_value="2"/><custom_fields cd_code="Previously Submitted" cd_name="Previously Submitted" cd_value="No"/><custom_fields cd_code="What prompted you to submit your research paper to the IET?" cd_name="What prompted you to submit your research paper to the IET?" cd_value="Recommended by colleague"/><custom_fields cd_code="Please briefly indicate the novel aspects of your work and how you have advanced the field" cd_name="Please briefly indicate the novel aspects of your work and how you have advanced the field" cd_value="This paper presents the gradient directional pattern (GDP) and evaluates its robustness in representing and recognizing facial expression. The novelty of GDP lies in exploiting the gradient direction information for texture encoding, which is more stable and retains more information of the local primitives than other gray level-based methods. Experimental results with prototypic expressions show the superiority of the GDP feature descriptor against some state-of-the-art feature representation methods."/><custom_fields cd_code="Please briefly explain the engineering applications of your work" cd_name="Please briefly explain the engineering applications of your work" cd_value="Automated facial expression analysis is an interesting task that has attracted much attention in the recent years due to its potential applicability in various areas, such as security and surveillance, human-computer interaction, data-driven animation, and customized applications for consumer products."/><custom_fields cd_code="Has the work in this manuscript been presented at a conference?" cd_name="Has the work in this manuscript been presented at a conference?" cd_value="No"/><custom_fields cd_code="Manuscript Type" cd_name="Manuscript Type" cd_value="Letter"/><custom_fields cd_code="EL Category" cd_name="EL Category" cd_value="IA - Image and Vision Processing and Display Technology"/></configurable_data_fields><notes/><content><first_page/><last_page/><attr_type id="1008" name="Keywords"><attribute id="35084351" name="GRADIENT DIRECTIONAL PATTERN">selected</attribute><attribute id="35084352" name="FACIAL EXPRESSION RECOGNITION">selected</attribute><attribute id="35084353" name="TEXTURE ENCODING">selected</attribute><attribute id="35084354" name="SUPPORT VECTOR MACHINE">selected</attribute><attribute id="35084355" name="COHN-KANADE FACIAL EXPRESSION DATABASE">selected</attribute></attr_type><total_pages_calc>0.00</total_pages_calc><total_pages_actual/><total_tables>2</total_tables><num_color_figures/><num_bw_figures/><total_figures/><total_pdf_pages>0.00</total_pdf_pages></content><office_contact user_id=""><salutation/><first_name/><middle_name/><last_name/><suffix/><degree/><email addr_type="primary">eletters@theiet.org</email><comments/><affiliation seq="1"><inst/><dept/><person_title/><room/><addr1/><addr2/><addr3/><city/><province/><country/><post_code/><phone>00 44 1438 767269</phone><fax>00 44 1438 767317</fax></affiliation><current_profile_affiliation><inst/><dept/><person_title/><room/><addr1/><addr2/><addr3/><city/><province/><country/><post_code/><phone>00 44 1438 767269</phone><fax>00 44 1438 767317</fax></current_profile_affiliation><galleyDeliveryType/></office_contact><lte_text_area/><email_list><email_sent><send_date><year>2012</year><month>05</month><day>25</day><hour>18</hour><minute>28</minute><second>56</second><time_zone>(GMT-05:00) Eastern Time (US &amp; Canada)</time_zone></send_date><to user_id="27795222">fahmed@iut-dhaka.edu</to><subject>Thank you for your manuscript submission - Electronics Letters</subject><body>Dear Mr. Ahmed

Your manuscript entitled 'Gradient directional pattern: a robust feature descriptor for facial expression recognition' has successfully been submitted online and will be given full consideration for publication in Electronics Letters.

Your Manuscript ID is: ELL-2012-1841.

Please quote this number in all correspondence with this office.

You can view the status of your paper at any time by logging in to http://mc.manuscriptcentral.com/ell  and entering your Author Centre. Please also use the Author Centre to make any necessary changes to your contact details. If you have any questions about the journal please visit http://www.theiet.org/publishing/journals/letters/index.cfm or email the Editorial Office at eletters@theiet.org.

Thank you for your interest in our journal.

Yours sincerely,

Electronics Letters Editorial Office.
_______________________________________________________ &#13;
Semiconductors in Personalised Medicine: read the latest special supplement to Electronics Letters for free at www.theiet.org/el-special&#13;
&#13;
New double-column Electronics Letters submission templates now available in LaTex and Word at www.theiet.org/eletters&#13;
&#13;
Electronics Letters is now on Twitter! Follow @ElecLett at www.twitter.com/eleclett for the latest news and highlights from each issue!&#13;
&#13;
&#13;
The information transmitted is intended only for the person or entity&#13;
to which it is addressed and may contain confidential and/or privileged&#13;
material. Any review, retransmission, dissemination or other use of,&#13;
or taking of any action in reliance upon, this information by persons or&#13;
entities other than the intended recipient is prohibited. If you received this&#13;
in error, please contact the sender and delete the material from any computer.</body></email_sent><email_sent><send_date><year>2012</year><month>05</month><day>31</day><hour>08</hour><minute>30</minute><second>52</second><time_zone>(GMT-05:00) Eastern Time (US &amp; Canada)</time_zone></send_date><to user_id="305319">bjteoh@mmu.edu.my</to><to user_id="1690114">andrew_tbj@yahoo.com</to><subject>Invitation to review for Electronics Letters</subject><body>Dear Dr. Beng Jin Andrew Teoh,&#13;
&#13;
The following short manuscript has been submitted to Electronics Letters&#13;
&#13;
ELL-2012-1841 'Gradient directional pattern: a robust feature descriptor for facial expression recognition'&#13;
&#13;
Abstract: This paper presents a novel local texture pattern, the gradient directional pattern (GDP), and an effective feature descriptor constructed with the GDP codes for facial expression recognition. The GDP operator encodes the texture information of a local region by quantizing the gradient directional angles to form a binary pattern. The location and occurrence information of the GDP micro-patterns is then used as the facial feature descriptor. As gradient operator can effectively enhance the edge information of an image, the resultant GDP features retain more information than gray-level based methods and describe the local image primitives in a more stable manner. Experiments with prototypic expression images from the Cohn-Kanade database shows superiority of the GDP descriptor against some well-known appearance-based methods.&#13;
&#13;
&#13;
You have been chosen as a potential reviewer and I would like to invite you to submit a report within 14 days via our online manuscript and review system.&#13;
&#13;
To respond to this invitation please click one of the links below&#13;
&#13;
Agreed: http://mc.manuscriptcentral.com/ell?URL_MASK=q5fNyMtB5P8BR5NhT2fd&#13;
&#13;
Declined - No Time: http://mc.manuscriptcentral.com/ell?URL_MASK=f8rJwTX8d6J55678xx6J&#13;
&#13;
Declined - Out of Field: http://mc.manuscriptcentral.com/ell?URL_MASK=CQD9xc2S67568nk35b8m&#13;
&#13;
If you have agreed you will be sent a link to access the manuscript and report form. (Please note that if you wish to view the manuscript before deciding whether it is in your field you can click on the 'accept' link above. If you then decide to decline the review, send an email to eletters@theiet.org and we will unassign you as a reviewer).&#13;
&#13;
If you wish to reassign to another reviewer, recommend another subject expert, or would like to give us any further information please email us at eletters@theiet.org. Please also email us if you will be unavailable for a period of time so that we can update our records.&#13;
&#13;
I would like to thank you for your help in this matter.&#13;
&#13;
Yours sincerely,&#13;
&#13;
Dr Helen Dyball&#13;
Electronics Letters&#13;
_______________________________________________________ &#13;
Semiconductors in Personalised Medicine: read the latest special supplement to Electronics Letters for free at www.theiet.org/el-special&#13;
&#13;
New double-column Electronics Letters submission templates now available in LaTex and Word at www.theiet.org/eletters&#13;
&#13;
Electronics Letters is now on Twitter! Follow @ElecLett at www.twitter.com/eleclett for the latest news and highlights from each issue!&#13;
&#13;
&#13;
The information transmitted is intended only for the person or entity&#13;
to which it is addressed and may contain confidential and/or privileged&#13;
material. Any review, retransmission, dissemination or other use of,&#13;
or taking of any action in reliance upon, this information by persons or&#13;
entities other than the intended recipient is prohibited. If you received this&#13;
in error, please contact the sender and delete the material from any computer.</body></email_sent><email_sent><send_date><year>2012</year><month>05</month><day>31</day><hour>08</hour><minute>31</minute><second>47</second><time_zone>(GMT-05:00) Eastern Time (US &amp; Canada)</time_zone></send_date><to user_id="305319">bjteoh@mmu.edu.my</to><to user_id="305319">andrew_tbj@yahoo.com</to><subject>Reviewer report  for Electronics Letters</subject><body>Dear Dr. Andrew Teoh,

Thank you for agreeing to review ELL-2012-1841 'Gradient directional pattern: a robust feature descriptor for facial expression recognition'.
It is now in your Reviewer Centre. Please click on the link below to directly access the report form and paper.

http://mc.manuscriptcentral.com/ell?URL_MASK=KcYfXdds2yr2C5jtH7BG

If you have any updates to your details or fields of interest please email eletters@theiet.org and we will update your account.

Thank you very much for your help,

Dr Helen Dyball
Electronics Letters
_______________________________________________________ &#13;
Semiconductors in Personalised Medicine: read the latest special supplement to Electronics Letters for free at www.theiet.org/el-special&#13;
&#13;
New double-column Electronics Letters submission templates now available in LaTex and Word at www.theiet.org/eletters&#13;
&#13;
Electronics Letters is now on Twitter! Follow @ElecLett at www.twitter.com/eleclett for the latest news and highlights from each issue!&#13;
&#13;
&#13;
The information transmitted is intended only for the person or entity&#13;
to which it is addressed and may contain confidential and/or privileged&#13;
material. Any review, retransmission, dissemination or other use of,&#13;
or taking of any action in reliance upon, this information by persons or&#13;
entities other than the intended recipient is prohibited. If you received this&#13;
in error, please contact the sender and delete the material from any computer.</body></email_sent><email_sent><send_date><year>2012</year><month>05</month><day>31</day><hour>19</hour><minute>54</minute><second>05</second><time_zone>(GMT-05:00) Eastern Time (US &amp; Canada)</time_zone></send_date><to user_id="305319">bjteoh@mmu.edu.my</to><to user_id="305319">andrew_tbj@yahoo.com</to><subject>Thank you from Electronics Letters</subject><body>Dear Dr. Andrew Teoh

Thank you for reviewing ELL-2012-1841 'Gradient directional pattern: a robust feature descriptor for facial expression recognition'.

As you are no doubt aware, a rigorous refereeing procedure is one of the best ways of ensuring that papers of suitably high quality are selected for publication.

Inevitably, referees are busy people with many other commitments, and the Editors are always grateful for the time that they give to the assessment of papers.  I would like to thank you very much for your help on this occasion.

Dr Helen Dyball
Electronics Letters
_______________________________________________________ &#13;
Semiconductors in Personalised Medicine: read the latest special supplement to Electronics Letters for free at www.theiet.org/el-special&#13;
&#13;
New double-column Electronics Letters submission templates now available in LaTex and Word at www.theiet.org/eletters&#13;
&#13;
Electronics Letters is now on Twitter! Follow @ElecLett at www.twitter.com/eleclett for the latest news and highlights from each issue!&#13;
&#13;
&#13;
The information transmitted is intended only for the person or entity&#13;
to which it is addressed and may contain confidential and/or privileged&#13;
material. Any review, retransmission, dissemination or other use of,&#13;
or taking of any action in reliance upon, this information by persons or&#13;
entities other than the intended recipient is prohibited. If you received this&#13;
in error, please contact the sender and delete the material from any computer.</body></email_sent><email_sent><send_date><year>2012</year><month>06</month><day>06</day><hour>10</hour><minute>48</minute><second>35</second><time_zone>(GMT-05:00) Eastern Time (US &amp; Canada)</time_zone></send_date><to user_id="188426">rao@uta.edu</to><subject>Invitation to review for Electronics Letters</subject><body>Dear Prof. K. Rao,&#13;
&#13;
The following short manuscript has been submitted to Electronics Letters&#13;
&#13;
ELL-2012-1841 'Gradient directional pattern: a robust feature descriptor for facial expression recognition'&#13;
&#13;
Abstract: This paper presents a novel local texture pattern, the gradient directional pattern (GDP), and an effective feature descriptor constructed with the GDP codes for facial expression recognition. The GDP operator encodes the texture information of a local region by quantizing the gradient directional angles to form a binary pattern. The location and occurrence information of the GDP micro-patterns is then used as the facial feature descriptor. As gradient operator can effectively enhance the edge information of an image, the resultant GDP features retain more information than gray-level based methods and describe the local image primitives in a more stable manner. Experiments with prototypic expression images from the Cohn-Kanade database shows superiority of the GDP descriptor against some well-known appearance-based methods.&#13;
&#13;
&#13;
You have been chosen as a potential reviewer and I would like to invite you to submit a report within 14 days via our online manuscript and review system.&#13;
&#13;
To respond to this invitation please click one of the links below&#13;
&#13;
Agreed: http://mc.manuscriptcentral.com/ell?URL_MASK=6PwS5Srw4GCmZqjrRqH8&#13;
&#13;
Declined - No Time: http://mc.manuscriptcentral.com/ell?URL_MASK=nMwTMH3Zb2QGTHjkZwqN&#13;
&#13;
Declined - Out of Field: http://mc.manuscriptcentral.com/ell?URL_MASK=b7mZwhYsNr2SsMxmkZmk&#13;
&#13;
If you have agreed you will be sent a link to access the manuscript and report form. (Please note that if you wish to view the manuscript before deciding whether it is in your field you can click on the 'accept' link above. If you then decide to decline the review, send an email to eletters@theiet.org and we will unassign you as a reviewer).&#13;
&#13;
If you wish to reassign to another reviewer, recommend another subject expert, or would like to give us any further information please email us at eletters@theiet.org. Please also email us if you will be unavailable for a period of time so that we can update our records.&#13;
&#13;
I would like to thank you for your help in this matter.&#13;
&#13;
Yours sincerely,&#13;
&#13;
Dr Helen Dyball&#13;
Electronics Letters&#13;
_______________________________________________________ &#13;
Semiconductors in Personalised Medicine: read the latest special supplement to Electronics Letters for free at www.theiet.org/el-special&#13;
&#13;
New double-column Electronics Letters submission templates now available in LaTex and Word at www.theiet.org/eletters&#13;
&#13;
Electronics Letters is now on Twitter! Follow @ElecLett at www.twitter.com/eleclett for the latest news and highlights from each issue!&#13;
&#13;
&#13;
The information transmitted is intended only for the person or entity&#13;
to which it is addressed and may contain confidential and/or privileged&#13;
material. Any review, retransmission, dissemination or other use of,&#13;
or taking of any action in reliance upon, this information by persons or&#13;
entities other than the intended recipient is prohibited. If you received this&#13;
in error, please contact the sender and delete the material from any computer.</body></email_sent><email_sent><send_date><year>2012</year><month>06</month><day>06</day><hour>11</hour><minute>47</minute><second>13</second><time_zone>(GMT-05:00) Eastern Time (US &amp; Canada)</time_zone></send_date><to user_id="188426">rao@uta.edu</to><subject>Invitation to review: Acknowledgment that you have declined</subject><body>Dear Prof. Rao

Thank you for letting us know that Electronics Letters: ELL-2012-1841 'Gradient directional pattern: a robust feature descriptor for facial expression recognition' is not within your area of expertise. We hope that we will be able to call on your help again in the future with more suitable manuscripts.

Yours sincerely

Helen Dyball
Electronics Letters
_______________________________________________________ &#13;
Semiconductors in Personalised Medicine: read the latest special supplement to Electronics Letters for free at www.theiet.org/el-special&#13;
&#13;
New double-column Electronics Letters submission templates now available in LaTex and Word at www.theiet.org/eletters&#13;
&#13;
Electronics Letters is now on Twitter! Follow @ElecLett at www.twitter.com/eleclett for the latest news and highlights from each issue!&#13;
&#13;
&#13;
The information transmitted is intended only for the person or entity&#13;
to which it is addressed and may contain confidential and/or privileged&#13;
material. Any review, retransmission, dissemination or other use of,&#13;
or taking of any action in reliance upon, this information by persons or&#13;
entities other than the intended recipient is prohibited. If you received this&#13;
in error, please contact the sender and delete the material from any computer.</body></email_sent><email_sent><send_date><year>2012</year><month>08</month><day>08</day><hour>06</hour><minute>14</minute><second>28</second><time_zone>(GMT-05:00) Eastern Time (US &amp; Canada)</time_zone></send_date><to>L.J.M. Rothkrantz@cs.tudelft.nl</to><subject>Invitation to review for Electronics Letters</subject><body>Dear Prof. L. Rothkrantz,&#13;
&#13;
The following short manuscript has been submitted to Electronics Letters&#13;
&#13;
ELL-2012-1841 'Gradient directional pattern: a robust feature descriptor for facial expression recognition'&#13;
&#13;
Abstract: This paper presents a novel local texture pattern, the gradient directional pattern (GDP), and an effective feature descriptor constructed with the GDP codes for facial expression recognition. The GDP operator encodes the texture information of a local region by quantizing the gradient directional angles to form a binary pattern. The location and occurrence information of the GDP micro-patterns is then used as the facial feature descriptor. As gradient operator can effectively enhance the edge information of an image, the resultant GDP features retain more information than gray-level based methods and describe the local image primitives in a more stable manner. Experiments with prototypic expression images from the Cohn-Kanade database shows superiority of the GDP descriptor against some well-known appearance-based methods.&#13;
&#13;
&#13;
You have been chosen as a potential reviewer and I would like to invite you to submit a report within 14 days via our online manuscript and review system.&#13;
&#13;
To respond to this invitation please click one of the links below&#13;
&#13;
Agreed: http://mc.manuscriptcentral.com/ell?URL_MASK=t9C2fcF2xF5s4TXTCQ32&#13;
&#13;
Declined - No Time: http://mc.manuscriptcentral.com/ell?URL_MASK=C8mxGMHdNwjPwFXqSxQy&#13;
&#13;
Declined - Out of Field: http://mc.manuscriptcentral.com/ell?URL_MASK=qYNjkkR4GMZMDnw82x5S&#13;
&#13;
If you have agreed you will be sent a link to access the manuscript and report form. (Please note that if you wish to view the manuscript before deciding whether it is in your field you can click on the 'accept' link above. If you then decide to decline the review, send an email to eletters@theiet.org and we will unassign you as a reviewer).&#13;
&#13;
If you wish to reassign to another reviewer, recommend another subject expert, or would like to give us any further information please email us at eletters@theiet.org. Please also email us if you will be unavailable for a period of time so that we can update our records.&#13;
&#13;
I would like to thank you for your help in this matter.&#13;
&#13;
Yours sincerely,&#13;
&#13;
Dr Helen Dyball&#13;
Electronics Letters&#13;
_______________________________________________________ &#13;
Semiconductors in Personalised Medicine: read the latest special supplement to Electronics Letters for free at www.theiet.org/el-special&#13;
&#13;
New double-column Electronics Letters submission templates now available in LaTex and Word at www.theiet.org/eletters&#13;
&#13;
Electronics Letters is now on Twitter! Follow @ElecLett at www.twitter.com/eleclett for the latest news and highlights from each issue!&#13;
&#13;
&#13;
The information transmitted is intended only for the person or entity&#13;
to which it is addressed and may contain confidential and/or privileged&#13;
material. Any review, retransmission, dissemination or other use of,&#13;
or taking of any action in reliance upon, this information by persons or&#13;
entities other than the intended recipient is prohibited. If you received this&#13;
in error, please contact the sender and delete the material from any computer.</body></email_sent><email_sent><send_date><year>2012</year><month>08</month><day>09</day><hour>05</hour><minute>03</minute><second>42</second><time_zone>(GMT-05:00) Eastern Time (US &amp; Canada)</time_zone></send_date><to>L.J.M. Rothkrantz@cs.tudelft.nl</to><subject>Reviewer report  for Electronics Letters</subject><body>Dear Prof. Rothkrantz,

Thank you for agreeing to review ELL-2012-1841 'Gradient directional pattern: a robust feature descriptor for facial expression recognition'.
It is now in your Reviewer Centre. Please click on the link below to directly access the report form and paper.

http://mc.manuscriptcentral.com/ell?URL_MASK=wstQD6GcGddTKr2kRDRh

If you have any updates to your details or fields of interest please email eletters@theiet.org and we will update your account.

Thank you very much for your help,

Dr Helen Dyball
Electronics Letters
_______________________________________________________ &#13;
Semiconductors in Personalised Medicine: read the latest special supplement to Electronics Letters for free at www.theiet.org/el-special&#13;
&#13;
New double-column Electronics Letters submission templates now available in LaTex and Word at www.theiet.org/eletters&#13;
&#13;
Electronics Letters is now on Twitter! Follow @ElecLett at www.twitter.com/eleclett for the latest news and highlights from each issue!&#13;
&#13;
&#13;
The information transmitted is intended only for the person or entity&#13;
to which it is addressed and may contain confidential and/or privileged&#13;
material. Any review, retransmission, dissemination or other use of,&#13;
or taking of any action in reliance upon, this information by persons or&#13;
entities other than the intended recipient is prohibited. If you received this&#13;
in error, please contact the sender and delete the material from any computer.</body></email_sent><email_sent><send_date><year>2012</year><month>08</month><day>24</day><hour>01</hour><minute>05</minute><second>37</second><time_zone>(GMT-05:00) Eastern Time (US &amp; Canada)</time_zone></send_date><to>L.J.M. Rothkrantz@cs.tudelft.nl</to><subject>Reminder from Electronics Letters</subject><body>Dear Prof. Rothkrantz

We recently invited you to review ELL-2012-1841 'Gradient directional pattern: a robust feature descriptor for facial expression recognition' and you indicated you would be able to review this manuscript. This is just a short reminder to let you know we have yet to receive your report. If you are still able to review this paper, please click on the link below to directly access the report form and paper.

http://mc.manuscriptcentral.com/ell?URL_MASK=JMqfwFZ4j2hth7KfsdDh

If you are no longer able to complete the review, we would be very grateful if you could notify us at eletters@theiet.org.

If you have any updates to your details or fields of interest please email eletters@theiet.org and we will update your account.

Thank you very much for your help,

Dr Helen Dyball
Electronics Letters
_______________________________________________________ &#13;
Semiconductors in Personalised Medicine: read the latest special supplement to Electronics Letters for free at www.theiet.org/el-special&#13;
&#13;
New double-column Electronics Letters submission templates now available in LaTex and Word at www.theiet.org/eletters&#13;
&#13;
Electronics Letters is now on Twitter! Follow @ElecLett at www.twitter.com/eleclett for the latest news and highlights from each issue!&#13;
&#13;
&#13;
The information transmitted is intended only for the person or entity&#13;
to which it is addressed and may contain confidential and/or privileged&#13;
material. Any review, retransmission, dissemination or other use of,&#13;
or taking of any action in reliance upon, this information by persons or&#13;
entities other than the intended recipient is prohibited. If you received this&#13;
in error, please contact the sender and delete the material from any computer.</body></email_sent><email_sent><send_date><year>2012</year><month>08</month><day>24</day><hour>06</hour><minute>46</minute><second>04</second><time_zone>(GMT-05:00) Eastern Time (US &amp; Canada)</time_zone></send_date><to>L.J.M. Rothkrantz@cs.tudelft.nl</to><subject>Thank you from Electronics Letters</subject><body>Dear Prof. Rothkrantz

Thank you for reviewing ELL-2012-1841 'Gradient directional pattern: a robust feature descriptor for facial expression recognition'.

As you are no doubt aware, a rigorous refereeing procedure is one of the best ways of ensuring that papers of suitably high quality are selected for publication.

Inevitably, referees are busy people with many other commitments, and the Editors are always grateful for the time that they give to the assessment of papers.  I would like to thank you very much for your help on this occasion.

Dr Helen Dyball
Electronics Letters
_______________________________________________________ &#13;
Semiconductors in Personalised Medicine: read the latest special supplement to Electronics Letters for free at www.theiet.org/el-special&#13;
&#13;
New double-column Electronics Letters submission templates now available in LaTex and Word at www.theiet.org/eletters&#13;
&#13;
Electronics Letters is now on Twitter! Follow @ElecLett at www.twitter.com/eleclett for the latest news and highlights from each issue!&#13;
&#13;
&#13;
The information transmitted is intended only for the person or entity&#13;
to which it is addressed and may contain confidential and/or privileged&#13;
material. Any review, retransmission, dissemination or other use of,&#13;
or taking of any action in reliance upon, this information by persons or&#13;
entities other than the intended recipient is prohibited. If you received this&#13;
in error, please contact the sender and delete the material from any computer.</body></email_sent><email_sent><send_date><year>2012</year><month>08</month><day>28</day><hour>05</hour><minute>28</minute><second>10</second><time_zone>(GMT-05:00) Eastern Time (US &amp; Canada)</time_zone></send_date><to user_id="27795222">fahmed@iut-dhaka.edu</to><subject>Please Submit Copyright Form for ELL-2012-1841</subject><body>@@date to be populated upon sending@@

Dear Mr. Faisal Ahmed,

Please submit the copyright form for your recently accepted manuscript, ELL-2012-1841,  to Electronics Letters. You can use the link below to go directly to your Electronics Letters Author Centre to complete the form.

http://mc.manuscriptcentral.com/ell?URL_MASK=rtGjFxfxtbh7BDZHJBM5

Please submit this form as quickly as possible to avoid any delays with the publication of your paper.

You will also need to ensure that your address details are correct on our system in order to receive your complimentary copy of the issue. The details that we currently have for you are:

Faisal Ahmed
Islamic University of Technology
Islamic University of Technology
Gazipur
1704
Bangladesh

If these details need to be updated, please log in to your author centre and go to 'Edit Account'.

Yours sincerely,

Electronics Letters Editorial Office</body></email_sent><email_sent doc_task_id="97025028"><send_date><year>2012</year><month>08</month><day>28</day><hour>05</hour><minute>28</minute><second>10</second><time_zone>(GMT-05:00) Eastern Time (US &amp; Canada)</time_zone></send_date><to user_id="27795222">fahmed@iut-dhaka.edu</to><subject>Message from Electronics Letters</subject><body>Dear Mr. Ahmed&#13;
&#13;
I am pleased to inform you that your paper ELL-2012-1841 'Gradient directional pattern: a robust feature descriptor for facial expression recognition' has been accepted for publication in Electronics Letters and will appear in a forthcoming issue in the next few weeks, a complimentary copy of which will be sent to you.&#13;
&#13;
To maintain the speed of publication, proofs are not normally sent to authors for checking before publication.  Manuscripts should be ready for publication as submitted. However, if you do have a minor change you wish to make which does not affect the results of your paper please contact the office as soon as possible, and no later than one week from the date of this email. At this stage acceptable changes include correcting a crucial typo or adding an important acknowledgment; extensive changes to the paper cannot be accepted. Whilst our editorial team will do its best to ensure that requests are met, we reserve the right to refuse editorial changes at this stage if they are extensive or sent too late within the production schedule.&#13;
&#13;
You will shortly be receiving a separate email regarding the completion of the copyright form for this paper.&#13;
&#13;
Yours sincerely,&#13;
&#13;
Dr Helen Dyball&#13;
Electronics Letters&#13;
_______________________________________________________ &#13;
Semiconductors in Personalised Medicine: read the latest special supplement to Electronics Letters for free at www.theiet.org/el-special&#13;
&#13;
New double-column Electronics Letters submission templates now available in LaTex and Word at www.theiet.org/eletters&#13;
&#13;
Electronics Letters is now on Twitter! Follow @ElecLett at www.twitter.com/eleclett for the latest news and highlights from each issue!&#13;
&#13;
&#13;
The information transmitted is intended only for the person or entity&#13;
to which it is addressed and may contain confidential and/or privileged&#13;
material. Any review, retransmission, dissemination or other use of,&#13;
or taking of any action in reliance upon, this information by persons or&#13;
entities other than the intended recipient is prohibited. If you received this&#13;
in error, please contact the sender and delete the material from any computer.</body></email_sent><email_sent><send_date><year>2012</year><month>08</month><day>28</day><hour>11</hour><minute>27</minute><second>22</second><time_zone>(GMT-05:00) Eastern Time (US &amp; Canada)</time_zone></send_date><to user_id="23432387">eletters@theiet.org</to><subject>Copyright Form for ELL-2012-1841 Submitted</subject><body>@@date to be populated upon sending@@

Dear Electronics Letters Editorial Office,

The copyright form for ELL-2012-1841 has been submitted. Please approve the form as soon as possible to avoid delays in production.

Sincerely,
Electronics Letters Editorial Office
Electronics Letters Editorial Office
eletters@theiet.org</body></email_sent></email_list><user_list><user contact="false" is_staff="false" submitter="false" submitting_agent="false" user_id="17099266"><salutation>Mrs.</salutation><first_name>Anna</first_name><middle_name>Grace</middle_name><last_name>Bond</last_name><suffix/><degree/><email addr_type="primary">abond@theiet.org</email><attr_type id="8750" name="Data Protection"><attribute id="11145010" name="Yes">selected</attribute></attr_type><comments/><affiliation seq="1"><inst>The IET</inst><dept/><person_title>Editorial Assistant</person_title><room/><addr1>Michael Faraday House</addr1><addr2>Six Hills Way </addr2><addr3/><city>Stevenage</city><province/><country country_code="GB">United Kingdom</country><post_code>SG1 2AY</post_code><phone>01438 767269</phone><fax/></affiliation><current_profile_affiliation><inst>The IET</inst><dept/><person_title>Editorial Assistant</person_title><room/><addr1>Michael Faraday House</addr1><addr2>Six Hills Way </addr2><addr3/><city>Stevenage</city><province/><country country_code="GB">United Kingdom</country><post_code>SG1 2AY</post_code><phone>01438 767269</phone><fax/></current_profile_affiliation><galleyDeliveryType/></user><user contact="false" is_staff="false" submitter="false" submitting_agent="false" user_id="305319"><salutation>Dr.</salutation><first_name>Beng Jin</first_name><middle_name/><last_name>Andrew Teoh</last_name><suffix/><degree/><email addr_type="primary">andrew_tbj@yahoo.com</email><email addr_type="secondary">bjteoh@mmu.edu.my</email><attr_type id="1008" name="Keywords"><attribute id="267040" name="CRYPTOGRAPHY">selected</attribute><attribute id="267596" name="DATA ACQUISITION">selected</attribute><attribute id="266840" name="DIGITAL WATERMARKING">selected</attribute><attribute id="266466" name="FACE RECOGNITION">selected</attribute><attribute id="267918" name="FINGERPRINT IDENTIFICATION">selected</attribute><attribute id="267321" name="HANDWRITING RECOGNITION">selected</attribute><attribute id="265861" name="IDENTIFICATION">selected</attribute><attribute id="266804" name="PUBLIC KEY CRYPTOGRAPHY">selected</attribute><attribute id="266828" name="SENSORS">selected</attribute><attribute id="267343" name="SMART CARDS">selected</attribute><attribute id="267250" name="SPEAKER RECOGNITION">selected</attribute></attr_type><comments>8/6/7 updated profile and made reviewer, Dr. Teoh has wide knowledge of biometric techniques.  See http://mmusearch.mmu.edu.my/websearch.php&#13;
added keywords according to source.&#13;
8/6/7 2007-ell-1364 rev due to paper in IEEExplore on Biometric hash; 08/05/2009: ELL-2009-1205.R1: This paper is out of my area of research, I am sorry that I am not in the position to review this paper.&#13;
18/09/2009: ELL-2009-2066.R2: This paper is out of my research interest, thanks; 11/08/09: ELL-2009-1793.R4: Declined, out of field; 31/01/2011 ELL-2010-3499.R1 Declined - no time.</comments><affiliation seq="1"><inst>Multimedia University</inst><dept>Faculty of Information Science and Technology</dept><person_title/><room/><addr1>Jalan Ayer Keroh Lama</addr1><addr2/><addr3/><city>Melaka</city><state>Melaka</state><country country_code="MY">Malaysia</country><post_code>75450 Melaka</post_code><phone>+606-252 3090</phone><fax>+606-231 8840</fax></affiliation><current_profile_affiliation><inst>Multimedia University</inst><dept>Faculty of Information Science and Technology</dept><person_title/><room/><addr1>Jalan Ayer Keroh Lama</addr1><addr2/><addr3/><city>Melaka</city><state>Melaka</state><country country_code="MY">Malaysia</country><post_code>75450 Melaka</post_code><phone>+606-252 3090</phone><fax>+606-231 8840</fax></current_profile_affiliation><galleyDeliveryType>Web</galleyDeliveryType></user><user contact="false" is_staff="false" submitter="false" submitting_agent="false" user_id="17040575"><salutation>Dr.</salutation><first_name>James</first_name><middle_name/><last_name>Baldwin</last_name><suffix/><degree/><email addr_type="primary">jbaldwin@theiet.org</email><attr_type id="8750" name="Data Protection"><attribute id="11145010" name="Yes">selected</attribute></attr_type><comments/><affiliation seq="1"><inst>The IET</inst><dept/><person_title>Scientific Editor</person_title><room/><addr1>Michael Faraday House</addr1><addr2>Six Hills Way</addr2><addr3/><city>Stevenage</city><province/><country country_code="GB">United Kingdom</country><post_code>SG1 2AY</post_code><phone/><fax/></affiliation><current_profile_affiliation><inst>The IET</inst><dept/><person_title>Scientific Editor</person_title><room/><addr1>Michael Faraday House</addr1><addr2>Six Hills Way</addr2><addr3/><city>Stevenage</city><province/><country country_code="GB">United Kingdom</country><post_code>SG1 2AY</post_code><phone/><fax/></current_profile_affiliation><galleyDeliveryType/></user><user contact="true" is_staff="false" submitter="true" submitting_agent="false" user_id="27795222"><salutation>Mr.</salutation><first_name>Faisal</first_name><middle_name/><last_name>Ahmed</last_name><suffix/><degree/><email addr_type="primary">fahmed@iut-dhaka.edu</email><attr_type id="8750" name="Data Protection"><attribute id="11145011" name="No">selected</attribute></attr_type><attr_type id="1008" name="Keywords"><attribute id="266203" name="COMPUTER VISION">selected</attribute><attribute id="265815" name="IMAGE PROCESSING">selected</attribute></attr_type><comments/><affiliation seq="1"><inst>Islamic University of Technology</inst><dept>Department of Computer Science and Engineering</dept><person_title>Lecturer</person_title><room/><addr1>Department of CSE,</addr1><addr2>Islamic University of Technology,</addr2><addr3>Board Bazar, Gazipur 1704, Bangladesh</addr3><city>Gazipur</city><province/><country country_code="BD">Bangladesh</country><post_code>1704</post_code><phone>+880 2 9291254~9 Ext. 3340</phone><fax/></affiliation><current_profile_affiliation><inst>Islamic University of Technology</inst><dept>Department of Computer Science and Engineering</dept><person_title>Lecturer</person_title><room/><addr1>Department of CSE,</addr1><addr2>Islamic University of Technology,</addr2><addr3>Board Bazar, Gazipur 1704, Bangladesh</addr3><city>Gazipur</city><province/><country country_code="BD">Bangladesh</country><post_code>1704</post_code><phone>+880 2 9291254~9 Ext. 3340</phone><fax/></current_profile_affiliation><galleyDeliveryType/></user><user contact="false" is_staff="false" submitter="false" submitting_agent="false" user_id="195368"><salutation>Prof.</salutation><first_name>L.</first_name><middle_name>L J M</middle_name><last_name>Rothkrantz</last_name><suffix/><degree/><email addr_type="primary">L.J.M. Rothkrantz@cs.tudelft.nl</email><attr_type id="1008" name="Keywords"><attribute id="266466" name="FACE RECOGNITION">selected</attribute></attr_type><comments> 9/06/04: ELL-2004-5325</comments><affiliation seq="1"><inst>TU Delft</inst><dept>Dept of Information Technolog</dept><person_title/><room/><addr1/><addr2>Mekelweg 4</addr2><addr3/><city>2628 CD Delft</city><province/><country country_code="NL">Netherlands</country><post_code/><phone/><fax/></affiliation><current_profile_affiliation><inst>TU Delft</inst><dept>Dept of Information Technolog</dept><person_title/><room/><addr1/><addr2>Mekelweg 4</addr2><addr3/><city>2628 CD Delft</city><province/><country country_code="NL">Netherlands</country><post_code/><phone/><fax/></current_profile_affiliation><galleyDeliveryType>Web</galleyDeliveryType></user><user contact="false" is_staff="false" submitter="false" submitting_agent="false" user_id="23071511"><salutation>Mr.</salutation><first_name>John</first_name><middle_name/><last_name>Cox</last_name><suffix/><degree/><email addr_type="primary">jcox.editproof@ntlworld.com</email><attr_type id="8750" name="Data Protection"><attribute id="11145011" name="No">selected</attribute></attr_type><comments/><affiliation seq="1"><inst/><dept/><person_title>John Cox</person_title><room/><addr1>29 Lincoln Road</addr1><addr2/><addr3/><city>Stevenage</city><province/><country country_code="GB">United Kingdom</country><post_code>SG1 4PJ</post_code><phone/><fax/></affiliation><current_profile_affiliation><inst/><dept/><person_title>John Cox</person_title><room/><addr1>29 Lincoln Road</addr1><addr2/><addr3/><city>Stevenage</city><province/><country country_code="GB">United Kingdom</country><post_code>SG1 4PJ</post_code><phone/><fax/></current_profile_affiliation><galleyDeliveryType/></user><user contact="false" is_staff="false" submitter="false" submitting_agent="false" user_id="20996513"><salutation>Mr.</salutation><first_name>Thomas</first_name><middle_name/><last_name>Bedford</last_name><suffix/><degree/><email addr_type="primary">tbedford@theiet.org</email><attr_type id="8750" name="Data Protection"><attribute id="11145010" name="Yes">selected</attribute></attr_type><comments/><affiliation seq="1"><inst>The IET</inst><dept/><person_title>Editorial Assistant</person_title><room/><addr1>Michael Faraday House</addr1><addr2>Six Hills Way</addr2><addr3/><city>Stevenage</city><province/><country country_code="GB">United Kingdom</country><post_code>SG1 2AY</post_code><phone/><fax/></affiliation><current_profile_affiliation><inst>The IET</inst><dept/><person_title>Editorial Assistant</person_title><room/><addr1>Michael Faraday House</addr1><addr2>Six Hills Way</addr2><addr3/><city>Stevenage</city><province/><country country_code="GB">United Kingdom</country><post_code>SG1 2AY</post_code><phone/><fax/></current_profile_affiliation><galleyDeliveryType/></user><user contact="false" is_staff="false" submitter="false" submitting_agent="false" user_id="23070703"><salutation>Mrs.</salutation><first_name>Pam</first_name><middle_name/><last_name>Tagg</last_name><suffix/><degree/><email addr_type="primary">ptagg@techset.co.uk</email><attr_type id="8750" name="Data Protection"><attribute id="11145011" name="No">selected</attribute></attr_type><comments/><affiliation seq="1"><inst>Techset</inst><dept/><person_title>Account Manager</person_title><room/><addr1>5 Court Farm Yard</addr1><addr2>Lower Woodford</addr2><addr3/><city>Salisbury</city><province/><country country_code="GB">United Kingdom</country><post_code>SP4 6NQ</post_code><phone/><fax/></affiliation><current_profile_affiliation><inst>Techset</inst><dept/><person_title>Account Manager</person_title><room/><addr1>5 Court Farm Yard</addr1><addr2>Lower Woodford</addr2><addr3/><city>Salisbury</city><province/><country country_code="GB">United Kingdom</country><post_code>SP4 6NQ</post_code><phone/><fax/></current_profile_affiliation><galleyDeliveryType/></user><user contact="false" is_staff="false" submitter="false" submitting_agent="false" user_id="196633"><salutation>Dr.</salutation><first_name>Helen</first_name><middle_name>Catherine Jane</middle_name><last_name>Dyball</last_name><suffix/><degree/><email addr_type="primary">hdyball@theiet.org</email><attr_type id="8750" name="Data Protection"><attribute id="11145010" name="Yes">selected</attribute></attr_type><comments>Dyball, Helen, hdyball@iee.org.uk [Last in: 21-Nov-2003 09:31] merged with this user on 11-Dec-2007 by Peterson, Paula; </comments><affiliation seq="1"><inst>The IET</inst><dept>Research Journals</dept><person_title/><room/><addr1>Michael Faraday House</addr1><addr2>Six Hills Way</addr2><addr3/><city>Stevenage</city><state>Herts</state><country country_code="GB">United Kingdom</country><post_code>SG1 2AY</post_code><phone/><fax/></affiliation><affiliation seq="2"><inst/><dept> </dept><person_title/><room/><addr1/><addr2/><addr3/><city/><province/><country country_code="GB">United Kingdom</country><post_code/><phone/><fax/></affiliation><current_profile_affiliation><inst>The IET</inst><dept>Research Journals</dept><person_title/><room/><addr1>Michael Faraday House</addr1><addr2>Six Hills Way</addr2><addr3/><city>Stevenage</city><state>Herts</state><country country_code="GB">United Kingdom</country><post_code>SG1 2AY</post_code><phone/><fax/></current_profile_affiliation><galleyDeliveryType>Web</galleyDeliveryType></user></user_list><forms><form form_file_name="97195102_27795222_1346167642276.pdf" form_task_name="Forms Completion Task"><form_submitted_date><year>2012</year><month>08</month><day>28</day><hour>11</hour><minute>27</minute><second>22</second><time_zone>(GMT-05:00) Eastern Time (US &amp; Canada)</time_zone></form_submitted_date><form_submitter><salutation>Mr.</salutation><first_name>Faisal</first_name><middle_name/><last_name>Ahmed</last_name><suffix/><degree/><email addr_type="primary">fahmed@iut-dhaka.edu</email><attr_type id="8750" name="Data Protection"><attribute id="11145011" name="No">selected</attribute></attr_type><attr_type id="1008" name="Keywords"><attribute id="266203" name="COMPUTER VISION">selected</attribute><attribute id="265815" name="IMAGE PROCESSING">selected</attribute></attr_type><comments/><affiliation seq="1"><inst>Islamic University of Technology</inst><dept>Department of Computer Science and Engineering</dept><person_title>Lecturer</person_title><room/><addr1>Department of CSE,</addr1><addr2>Islamic University of Technology,</addr2><addr3>Board Bazar, Gazipur 1704, Bangladesh</addr3><city>Gazipur</city><province/><country country_code="BD">Bangladesh</country><post_code>1704</post_code><phone>+880 2 9291254~9 Ext. 3340</phone><fax/></affiliation><current_profile_affiliation><inst>Islamic University of Technology</inst><dept>Department of Computer Science and Engineering</dept><person_title>Lecturer</person_title><room/><addr1>Department of CSE,</addr1><addr2>Islamic University of Technology,</addr2><addr3>Board Bazar, Gazipur 1704, Bangladesh</addr3><city>Gazipur</city><province/><country country_code="BD">Bangladesh</country><post_code>1704</post_code><phone>+880 2 9291254~9 Ext. 3340</phone><fax/></current_profile_affiliation><galleyDeliveryType/></form_submitter></form></forms></article></article_set>