<?xml version="1.0" encoding="UTF-8"?>
<!DOCTYPE article PUBLIC "-//NLM//DTD JATS (Z39.96) Journal Publishing DTD v1.0 20120330//EN" "JATS-journalpublishing1.dtd">
<article dtd-version="1.0" xmlns:xlink="http://www.w3.org/1999/xlink" xmlns:mml="http://www.w3.org/1998/Math/MathML" xmlns:xsi="http://www.w3.org/2001/XMLSchema-instance">
    <front>
        <journal-meta>
            <journal-id></journal-id>
            <issn></issn>
        </journal-meta>
        <article-meta>
            <title-group>
                <article-title>Dummy article CHANGE XXX</article-title>
            </title-group>
            <pub-date>
                <year></year>
            </pub-date>
        </article-meta>
    </front><body></body>
</article>